,signal,date,open,high,low,close,volume,ema20,ema50,ema100,ema200,adx,rsi,max_high,min_low,entry_price,from,symbol,exit_price,to
0,BUY,2024-03-06 17:30:00+05:30,77566,77871,77566,77871,8,77572.3,77555.37,77562.27,77548.53,29.75,87.87,77566,77474,77871,2024-03-06 17:30:00+05:30,SILVERMIC 50_v2_v2,78177,2024-03-08 20:50:00+05:30
1,BUY,2024-03-11 11:35:00+05:30,78348,78408,78348,78408,3,78360.74,78363.59,78361.59,78308.18,21.84,64.41,78383,78347,78408,2024-03-11 11:35:00+05:30,SILVERMIC 50_v2_v2,78435,2024-03-11 22:25:00+05:30
2,BUY,2024-03-12 10:30:00+05:30,78500,78804,78500,78804,20,78591.25,78569.66,78539.58,78481.83,23.32,64.71,78669,78380,78804,2024-03-12 10:30:00+05:30,SILVERMIC 50_v2_v2,78540,2024-03-12 16:50:00+05:30
3,BUY,2024-03-12 18:10:00+05:30,78521,78730,78521,78730,22,78573.62,78591.54,78590.02,78554.33,31.08,61.17,78654,78325,78730,2024-03-12 18:10:00+05:30,SILVERMIC 50_v2_v2,78450,2024-03-12 18:25:00+05:30
4,SELL,2024-03-12 19:10:00+05:30,78000,78036,77850,77933,17,78296.63,78447.09,78512.18,78517.84,36.56,33.76,78900,77983,77850,2024-03-12 19:10:00+05:30,SILVERMIC 50_v2_v2,78220,2024-03-13 16:30:00+05:30
5,BUY,2024-03-13 18:30:00+05:30,78325,78399,78325,78399,11,78287.72,78223.17,78186.45,78215.09,38.28,83.18,78325,78216,78399,2024-03-13 18:30:00+05:30,SILVERMIC 50_v2_v2,79033,2024-03-14 21:10:00+05:30
6,BUY,2024-03-15 09:00:00+05:30,79423,80080,79309,79360,46,79203.97,79232.13,79258.89,79161.52,32.77,66.35,79250,79050,80080,2024-03-15 09:00:00+05:30,SILVERMIC 50_v2_v2,79550,2024-03-15 22:50:00+05:30
7,BUY,2024-03-18 16:30:00+05:30,79600,79689,79600,79689,12,79576.58,79540.71,79533.85,79517.71,36.8,72.86,79600,79511,79689,2024-03-18 16:30:00+05:30,SILVERMIC 50_v2_v2,79511,2024-03-18 20:00:00+05:30
8,SELL,2024-03-19 13:45:00+05:30,79250,79250,79146,79146,14,79343.29,79407.94,79471.88,79511.31,48.12,24.34,79403,79250,79146,2024-03-19 13:45:00+05:30,SILVERMIC 50_v2_v2,79364,2024-03-20 09:30:00+05:30
9,SELL,2024-03-20 10:00:00+05:30,79304,79304,79246,79246,4,79299.81,79276.19,79284.39,79338.54,20.4,39.71,79364,79249,79246,2024-03-20 10:00:00+05:30,SILVERMIC 50_v2_v2,79250,2024-03-20 19:00:00+05:30
10,BUY,2024-03-21 09:00:00+05:30,80641,80714,79905,80338,161,79435.66,79358.89,79310.62,79293.71,23.01,87.41,79392,79250,80714,2024-03-21 09:00:00+05:30,SILVERMIC 50_v2_v2,79801,2024-03-21 18:35:00+05:30
11,SELL,2024-03-21 19:50:00+05:30,79348,79371,79101,79101,48,79605.86,79853.13,79942.62,79854.38,56.19,23.71,80072,79200,79101,2024-03-21 19:50:00+05:30,SILVERMIC 50_v2_v2,79131,2024-03-22 18:40:00+05:30
12,SELL,2024-03-26 09:00:00+05:30,79032,79032,78854,79011,7,79104.05,79111.56,79102.65,79119.13,22.92,28.55,79150,79055,78854,2024-03-26 09:00:00+05:30,SILVERMIC 50_v2_v2,79039,2024-03-26 14:55:00+05:30
13,SELL,2024-03-26 20:40:00+05:30,78842,78850,78707,78707,22,78917.13,78983.16,79002.9,79026.51,36.09,34.8,79020,78800,78707,2024-03-26 20:40:00+05:30,SILVERMIC 50_v2_v2,78880,2024-03-27 16:00:00+05:30
14,SELL,2024-03-27 17:30:00+05:30,78830,78830,78800,78800,6,78866.62,78839.2,78830.11,78865.64,25.54,39.28,78950,78830,78800,2024-03-27 17:30:00+05:30,SILVERMIC 50_v2_v2,78900,2024-03-27 19:00:00+05:30
15,BUY,2024-03-28 16:15:00+05:30,79096,79096,79096,79096,1,78894.81,78848.67,78840.63,78845.51,51.84,79.04,79025,78720,79096,2024-03-28 16:15:00+05:30,SILVERMIC 50_v2_v2,78775,2024-03-28 17:05:00+05:30
16,BUY,2024-03-28 18:25:00+05:30,78950,79100,78950,79100,21,78915.24,78885.59,78865.6,78858.53,33.53,69.09,79096,78738,79100,2024-03-28 18:25:00+05:30,SILVERMIC 50_v2_v2,78845,2024-03-28 19:25:00+05:30
17,BUY,2024-03-28 20:25:00+05:30,79200,79250,78845,79205,63,79004.12,78946.43,78906.97,78882.18,25.75,69.28,79200,78845,79250,2024-03-28 20:25:00+05:30,SILVERMIC 50_v2_v2,79500,2024-04-01 19:30:00+05:30
18,BUY,2024-04-02 10:10:00+05:30,79956,80050,79956,80050,91,79861.51,79750.82,79706.56,79607.57,41.28,75.85,80021,79490,80050,2024-04-02 10:10:00+05:30,SILVERMIC 50_v2_v2,82715,2024-04-05 09:00:00+05:30
19,BUY,2024-04-05 11:05:00+05:30,83034,83218,83034,83202,53,82925.0,83036.04,83110.18,82976.52,37.04,66.8,83049,82625,83218,2024-04-05 11:05:00+05:30,SILVERMIC 50_v2_v2,83055,2024-04-05 17:25:00+05:30
20,BUY,2024-04-05 19:20:00+05:30,83214,83400,83214,83337,93,83055.0,83075.26,83102.2,83060.96,31.27,63.48,83218,82500,83400,2024-04-05 19:20:00+05:30,SILVERMIC 50_v2_v2,84732,2024-04-08 19:30:00+05:30
21,BUY,2024-04-08 23:15:00+05:30,85543,85550,85489,85550,13,85446.55,85401.1,85348.89,85065.64,22.85,61.08,85543,85361,85550,2024-04-08 23:15:00+05:30,SILVERMIC 50_v2_v2,85824,2024-04-09 20:10:00+05:30
22,BUY,2024-04-10 09:00:00+05:30,86566,86588,86327,86541,136,86146.94,86140.72,86134.14,85957.18,23.95,69.64,86293,85879,86588,2024-04-10 09:00:00+05:30,SILVERMIC 50_v2_v2,86000,2024-04-10 18:00:00+05:30
23,BUY,2024-04-10 20:00:00+05:30,86514,86651,86514,86651,37,86279.34,86305.41,86361.43,86303.48,32.41,63.21,86621,85550,86651,2024-04-10 20:00:00+05:30,SILVERMIC 50_v2_v2,86251,2024-04-10 20:40:00+05:30
24,BUY,2024-04-11 22:55:00+05:30,86551,86602,86413,86565,51,86384.66,86347.96,86347.78,86335.05,22.65,66.91,86524,86227,86602,2024-04-11 22:55:00+05:30,SILVERMIC 50_v2_v2,87638,2024-04-12 21:45:00+05:30
25,SELL,2024-04-12 23:15:00+05:30,86666,86666,86552,86598,61,87064.18,87557.38,87756.51,87616.07,38.44,28.69,87940,86700,86552,2024-04-12 23:15:00+05:30,SILVERMIC 50_v2_v2,87720,2024-04-15 11:20:00+05:30
26,SELL,2024-04-15 13:55:00+05:30,87389,87410,87280,87280,27,87536.56,87522.74,87562.7,87542.54,20.02,35.47,87815,87389,87280,2024-04-15 13:55:00+05:30,SILVERMIC 50_v2_v2,87566,2024-04-15 15:50:00+05:30
27,BUY,2024-04-15 18:15:00+05:30,87660,87750,87660,87750,13,87634.73,87572.89,87554.14,87538.07,20.84,60.41,87737,87480,87750,2024-04-15 18:15:00+05:30,SILVERMIC 50_v2_v2,87477,2024-04-15 18:50:00+05:30
28,SELL,2024-04-15 19:50:00+05:30,87166,87188,86992,86992,62,87401.34,87495.08,87521.11,87524.76,37.76,33.93,87800,87000,86992,2024-04-15 19:50:00+05:30,SILVERMIC 50_v2_v2,87600,2024-04-15 20:55:00+05:30
29,BUY,2024-04-17 19:00:00+05:30,87892,88076,87892,88076,87,87826.89,87742.98,87685.93,87654.91,21.18,67.29,87949,87671,88076,2024-04-17 19:00:00+05:30,SILVERMIC 50_v2_v2,87736,2024-04-17 21:50:00+05:30
30,SELL,2024-04-19 10:10:00+05:30,87494,87500,87377,87380,48,87529.49,87533.55,87558.09,87598.64,23.92,36.44,87805,87415,87377,2024-04-19 10:10:00+05:30,SILVERMIC 50_v2_v2,87623,2024-04-19 12:25:00+05:30
31,SELL,2024-04-19 16:05:00+05:30,87400,87400,87352,87352,2,87407.64,87432.43,87463.79,87517.65,39.69,35.04,87483,87367,87352,2024-04-19 16:05:00+05:30,SILVERMIC 50_v2_v2,87450,2024-04-19 20:35:00+05:30
32,SELL,2024-04-22 09:00:00+05:30,87000,87000,86000,86449,244,87331.5,87342.34,87349.99,87401.46,27.09,15.32,87550,87287,86000,2024-04-22 09:00:00+05:30,SILVERMIC 50_v2_v2,84800,2024-04-23 19:15:00+05:30
33,SELL,2024-04-24 16:45:00+05:30,84600,84600,84540,84540,6,84669.63,84759.44,84805.73,84825.99,21.98,35.44,84780,84554,84540,2024-04-24 16:45:00+05:30,SILVERMIC 50_v2_v2,84864,2024-04-24 18:05:00+05:30
34,BUY,2024-04-25 16:45:00+05:30,85000,85080,85000,85060,13,84954.66,84913.14,84857.82,84826.34,20.43,64.41,85000,84850,85080,2024-04-25 16:45:00+05:30,SILVERMIC 50_v2_v2,84836,2024-04-25 18:40:00+05:30
35,BUY,2024-04-26 09:25:00+05:30,85114,85184,85105,85184,68,84992.93,84948.65,84923.77,84888.39,20.87,68.37,85123,84852,85184,2024-04-26 09:25:00+05:30,SILVERMIC 50_v2_v2,85187,2024-04-26 19:10:00+05:30
36,SELL,2024-04-26 20:50:00+05:30,84861,84861,84730,84821,69,85048.87,85182.65,85231.14,85183.72,30.06,31.09,85387,84853,84730,2024-04-26 20:50:00+05:30,SILVERMIC 50_v2_v2,85091,2024-04-29 14:00:00+05:30
37,SELL,2024-04-29 17:20:00+05:30,85000,85000,84928,84928,13,85075.32,85067.32,85059.28,85072.7,26.45,20.5,85135,85000,84928,2024-04-29 17:20:00+05:30,SILVERMIC 50_v2_v2,85050,2024-04-29 21:40:00+05:30
38,SELL,2024-04-30 09:00:00+05:30,84600,84600,84300,84480,139,84966.75,84968.44,84975.84,85005.73,23.45,22.68,85150,84920,84300,2024-04-30 09:00:00+05:30,SILVERMIC 50_v2_v2,83955,2024-05-01 19:35:00+05:30
39,BUY,2024-05-02 12:00:00+05:30,84028,84120,84027,84120,17,83992.33,83984.02,83943.22,83965.84,29.05,66.09,84070,83870,84120,2024-05-02 12:00:00+05:30,SILVERMIC 50_v2_v2,83938,2024-05-02 12:15:00+05:30
40,SELL,2024-05-02 13:40:00+05:30,83889,83889,83800,83810,30,83917.03,83948.94,83936.87,83958.89,22.42,37.34,84131,83838,83800,2024-05-02 13:40:00+05:30,SILVERMIC 50_v2_v2,83817,2024-05-02 19:40:00+05:30
41,BUY,2024-05-03 10:15:00+05:30,84162,84218,84160,84207,25,84082.7,84003.33,83913.24,83876.23,20.18,67.9,84162,83937,84218,2024-05-03 10:15:00+05:30,SILVERMIC 50_v2_v2,83906,2024-05-03 12:15:00+05:30
42,BUY,2024-05-03 18:00:00+05:30,83809,84650,83809,84351,331,83919.46,83935.77,83945.95,83930.03,22.96,75.36,83998,83745,84650,2024-05-03 18:00:00+05:30,SILVERMIC 50_v2_v2,83878,2024-05-03 18:35:00+05:30
43,BUY,2024-05-06 10:30:00+05:30,84610,84783,84610,84783,108,84502.66,84229.36,84070.78,83986.5,54.93,77.73,84730,83821,84783,2024-05-06 10:30:00+05:30,SILVERMIC 50_v2_v2,85544,2024-05-08 12:00:00+05:30
44,SELL,2024-05-08 19:25:00+05:30,85500,85500,85380,85400,19,85531.43,85533.07,85538.23,85534.69,24.79,38.69,85740,85407,85380,2024-05-08 19:25:00+05:30,SILVERMIC 50_v2_v2,85536,2024-05-08 19:30:00+05:30
45,BUY,2024-05-08 19:50:00+05:30,85650,85851,85650,85851,76,85569.02,85548.35,85545.46,85538.5,23.38,66.49,85705,85380,85851,2024-05-08 19:50:00+05:30,SILVERMIC 50_v2_v2,87600,2024-05-10 19:50:00+05:30
46,SELL,2024-05-13 09:40:00+05:30,87400,87400,87329,87329,49,87533.28,87618.58,87720.72,87635.74,29.28,31.57,87800,87381,87329,2024-05-13 09:40:00+05:30,SILVERMIC 50_v2_v2,87586,2024-05-13 12:40:00+05:30
47,SELL,2024-05-13 14:20:00+05:30,87450,87450,87400,87404,13,87536.47,87525.38,87567.62,87568.7,27.19,36.24,87688,87430,87400,2024-05-13 14:20:00+05:30,SILVERMIC 50_v2_v2,87624,2024-05-13 14:30:00+05:30
48,BUY,2024-05-13 17:40:00+05:30,87856,87938,87830,87905,43,87660.13,87594.85,87584.14,87576.1,22.46,76.72,87872,87462,87938,2024-05-13 17:40:00+05:30,SILVERMIC 50_v2_v2,87580,2024-05-13 20:30:00+05:30
49,BUY,2024-05-14 09:35:00+05:30,88113,88150,88113,88150,23,87907.96,87796.32,87738.37,87682.01,30.02,75.16,88144,87612,88150,2024-05-14 09:35:00+05:30,SILVERMIC 50_v2_v2,87895,2024-05-14 18:00:00+05:30
50,BUY,2024-05-15 09:10:00+05:30,88398,88469,88397,88469,93,88233.06,88177.48,88134.2,88046.95,20.07,78.52,88400,88040,88469,2024-05-15 09:10:00+05:30,SILVERMIC 50_v2_v2,88198,2024-05-15 19:20:00+05:30
51,BUY,2024-05-15 20:35:00+05:30,88927,89125,88927,89112,451,88690.78,88623.65,88541.25,88403.8,22.92,69.68,88944,88100,89125,2024-05-15 20:35:00+05:30,SILVERMIC 50_v2_v2,97339,2024-05-22 17:10:00+05:30
52,SELL,2024-05-22 19:35:00+05:30,97114,97114,96660,96660,312,97234.22,97382.91,97505.36,97426.18,32.7,29.42,97600,97001,96660,2024-05-22 19:35:00+05:30,SILVERMIC 50_v2_v2,95508,2024-05-23 19:05:00+05:30
53,SELL,2024-05-23 19:45:00+05:30,94790,94814,94500,94605,151,95053.17,95017.83,95063.83,95463.01,25.56,38.42,95751,94699,94500,2024-05-23 19:45:00+05:30,SILVERMIC 50_v2_v2,95044,2024-05-24 11:15:00+05:30
54,SELL,2024-05-24 12:20:00+05:30,94705,94707,94570,94596,44,94788.4,94723.86,94730.73,94983.3,24.69,39.24,95126,94638,94570,2024-05-24 12:20:00+05:30,SILVERMIC 50_v2_v2,94939,2024-05-24 14:20:00+05:30
55,SELL,2024-05-24 21:35:00+05:30,94325,94344,94229,94229,71,94544.13,94672.14,94728.01,94828.3,24.89,29.95,94840,94293,94229,2024-05-24 21:35:00+05:30,SILVERMIC 50_v2_v2,95400,2024-05-27 09:00:00+05:30
56,BUY,2024-05-27 16:45:00+05:30,95865,95879,95853,95865,21,95776.63,95697.57,95530.17,95313.31,21.62,69.19,95859,95655,95879,2024-05-27 16:45:00+05:30,SILVERMIC 50_v2_v2,98871,2024-05-29 18:15:00+05:30
57,BUY,2024-05-29 19:45:00+05:30,99400,99489,99400,99450,64,99138.68,99174.87,99220.41,99024.37,27.12,60.71,99431,98479,99489,2024-05-29 19:45:00+05:30,SILVERMIC 50_v2_v2,98508,2024-05-30 09:00:00+05:30
58,SELL,2024-05-30 10:55:00+05:30,98480,98482,98450,98456,59,98675.68,98928.12,99080.23,99058.32,24.84,34.94,98869,98465,98450,2024-05-30 10:55:00+05:30,SILVERMIC 50_v2_v2,98457,2024-05-30 19:00:00+05:30
59,SELL,2024-05-30 21:30:00+05:30,98036,98036,97850,97850,30,98079.5,98128.24,98187.31,98367.75,27.64,37.9,98671,97861,97850,2024-05-30 21:30:00+05:30,SILVERMIC 50_v2_v2,97680,2024-05-31 15:40:00+05:30
60,BUY,2024-05-31 18:30:00+05:30,98235,98750,98235,98599,367,97931.93,97702.32,97593.44,97700.4,38.73,81.02,98262,97550,98750,2024-05-31 18:30:00+05:30,SILVERMIC 50_v2_v2,97600,2024-05-31 19:40:00+05:30
61,SELL,2024-05-31 20:30:00+05:30,97116,97116,96827,96999,257,97555.87,97689.58,97649.45,97715.22,34.07,30.65,98457,97047,96827,2024-05-31 20:30:00+05:30,SILVERMIC 50_v2_v2,95820,2024-06-03 18:25:00+05:30
62,BUY,2024-06-04 11:30:00+05:30,96048,96459,96048,96410,98,96094.94,96006.17,95836.59,95826.44,29.47,63.56,96320,95841,96459,2024-06-04 11:30:00+05:30,SILVERMIC 50_v2_v2,95800,2024-06-04 12:55:00+05:30
63,SELL,2024-06-04 14:35:00+05:30,94371,94380,93870,93908,525,94928.68,95419.5,95604.16,95715.4,43.33,19.84,95994,94245,93870,2024-06-04 14:35:00+05:30,SILVERMIC 50_v2_v2,93870,2024-06-05 18:45:00+05:30
64,BUY,2024-06-05 21:45:00+05:30,94260,94451,94250,94445,130,94071.03,93850.37,93735.27,93849.26,24.99,67.42,94298,93653,94451,2024-06-05 21:45:00+05:30,SILVERMIC 50_v2_v2,96601,2024-06-07 14:05:00+05:30
65,SELL,2024-06-07 16:15:00+05:30,95770,95770,95525,95541,114,95997.52,96521.93,96783.83,96546.92,66.38,27.88,96400,95558,95525,2024-06-07 16:15:00+05:30,SILVERMIC 50_v2_v2,94195,2024-06-10 22:35:00+05:30
66,SELL,2024-06-11 09:30:00+05:30,92928,92943,92813,92855,212,93570.16,93794.06,93889.9,94105.83,33.6,22.17,94317,92919,92813,2024-06-11 09:30:00+05:30,SILVERMIC 50_v2_v2,93404,2024-06-11 17:40:00+05:30
67,BUY,2024-06-12 18:30:00+05:30,94561,95250,94561,95220,1844,94001.04,93678.84,93519.3,93428.53,41.13,87.53,94770,93230,95250,2024-06-12 18:30:00+05:30,SILVERMIC 50_v2_v2,93021,2024-06-13 09:00:00+05:30
68,SELL,2024-06-13 17:05:00+05:30,93003,93005,92879,92904,104,93156.48,93223.39,93351.63,93488.47,27.83,32.44,93421,92950,92879,2024-06-13 17:05:00+05:30,SILVERMIC 50_v2_v2,93478,2024-06-13 18:00:00+05:30
69,SELL,2024-06-13 19:40:00+05:30,93078,93078,92876,92899,273,93216.49,93224.84,93290.09,93415.06,20.57,39.69,93650,92916,92876,2024-06-13 19:40:00+05:30,SILVERMIC 50_v2_v2,93010,2024-06-14 13:35:00+05:30
70,BUY,2024-06-14 17:10:00+05:30,93240,93435,93213,93435,165,93165.44,93027.18,92939.32,92981.72,34.71,71.97,93318,92860,93435,2024-06-14 17:10:00+05:30,SILVERMIC 50_v2_v2,93006,2024-06-14 18:55:00+05:30
71,BUY,2024-06-17 18:40:00+05:30,93507,93690,93464,93644,185,93325.69,93276.42,93197.65,93126.46,23.45,66.74,93508,92639,93690,2024-06-17 18:40:00+05:30,SILVERMIC 50_v2_v2,92924,2024-06-17 21:05:00+05:30
72,SELL,2024-06-18 14:05:00+05:30,92981,93021,92912,92953,171,93155.59,93302.39,93353.36,93315.3,41.27,29.52,93472,92988,92912,2024-06-18 14:05:00+05:30,SILVERMIC 50_v2_v2,93229,2024-06-18 18:35:00+05:30
73,BUY,2024-06-18 22:55:00+05:30,93583,93650,93574,93612,185,93489.01,93400.03,93330.8,93292.73,21.12,60.6,93586,93381,93650,2024-06-18 22:55:00+05:30,SILVERMIC 50_v2_v2,93338,2024-06-19 12:05:00+05:30
74,BUY,2024-06-19 13:25:00+05:30,93661,93711,93659,93709,72,93568.95,93518.44,93462.44,93393.04,20.79,66.6,93697,93326,93711,2024-06-19 13:25:00+05:30,SILVERMIC 50_v2_v2,93455,2024-06-19 17:50:00+05:30
75,BUY,2024-06-19 21:30:00+05:30,93790,93890,93790,93883,249,93702.38,93644.88,93607.34,93539.2,37.13,65.9,93825,93516,93890,2024-06-19 21:30:00+05:30,SILVERMIC 50_v2_v2,95500,2024-06-21 12:10:00+05:30
76,SELL,2024-06-21 19:00:00+05:30,95150,95205,94658,94799,907,95417.0,95582.75,95665.71,95590.53,43.15,23.29,96005,95078,94658,2024-06-21 19:00:00+05:30,SILVERMIC 50_v2_v2,93736,2024-06-25 15:55:00+05:30
77,SELL,2024-06-25 16:55:00+05:30,93602,93602,93507,93521,69,93621.87,93606.85,93606.28,93719.91,21.08,38.5,93750,93561,93507,2024-06-25 16:55:00+05:30,SILVERMIC 50_v2_v2,91758,2024-06-27 14:50:00+05:30
78,BUY,2024-06-27 18:40:00+05:30,92263,92500,92263,92482,443,92102.26,91881.72,91752.95,91782.08,38.41,72.35,92460,91667,92500,2024-06-27 18:40:00+05:30,SILVERMIC 50_v2_v2,91715,2024-06-27 21:45:00+05:30
79,BUY,2024-06-28 10:55:00+05:30,92046,92159,92046,92159,62,92028.37,91986.36,91939.99,91897.26,27.61,68.75,92106,91910,92159,2024-06-28 10:55:00+05:30,SILVERMIC 50_v2_v2,92377,2024-06-28 20:05:00+05:30
80,SELL,2024-07-01 10:00:00+05:30,92051,92056,91971,91973,202,92135.03,92266.55,92358.39,92329.02,32.2,30.84,92390,92011,91971,2024-07-01 10:00:00+05:30,SILVERMIC 50_v2_v2,92238,2024-07-01 13:55:00+05:30
81,BUY,2024-07-01 16:55:00+05:30,92411,92538,92411,92500,203,92354.06,92283.11,92255.7,92255.68,25.6,69.61,92430,92213,92538,2024-07-01 16:55:00+05:30,SILVERMIC 50_v2_v2,92220,2024-07-01 18:15:00+05:30
82,BUY,2024-07-01 19:10:00+05:30,92572,92660,92525,92620,251,92424.82,92379.37,92328.73,92297.41,20.13,61.97,92600,92180,92660,2024-07-01 19:10:00+05:30,SILVERMIC 50_v2_v2,92302,2024-07-01 20:05:00+05:30
83,BUY,2024-07-02 11:00:00+05:30,92570,92619,92528,92611,104,92495.47,92442.8,92402.17,92358.11,22.25,65.99,92600,92369,92619,2024-07-02 11:00:00+05:30,SILVERMIC 50_v2_v2,92400,2024-07-02 12:50:00+05:30
84,BUY,2024-07-02 18:05:00+05:30,92471,92693,92471,92693,363,92440.09,92452.19,92454.54,92425.46,21.91,71.0,92553,92216,92693,2024-07-02 18:05:00+05:30,SILVERMIC 50_v2_v2,92549,2024-07-02 21:40:00+05:30
85,BUY,2024-07-03 09:00:00+05:30,92799,92989,92754,92938,493,92647.84,92682.31,92660.79,92584.33,26.03,68.6,92639,92414,92989,2024-07-03 09:00:00+05:30,SILVERMIC 50_v2_v2,95914,2024-07-08 21:00:00+05:30
86,BUY,2024-07-09 16:20:00+05:30,96148,96249,96148,96243,285,96088.95,96021.22,95955.78,95886.09,38.38,70.17,96156,96030,96249,2024-07-09 16:20:00+05:30,SILVERMIC 50_v2_v2,95864,2024-07-09 17:10:00+05:30
87,SELL,2024-07-09 20:45:00+05:30,95363,95385,95194,95249,689,95696.81,95840.74,95893.42,95884.25,32.69,29.62,96244,95351,95194,2024-07-09 20:45:00+05:30,SILVERMIC 50_v2_v2,95838,2024-07-10 09:00:00+05:30
88,BUY,2024-07-10 15:05:00+05:30,95920,95980,95920,95980,118,95865.19,95798.15,95761.67,95770.0,25.32,63.1,95950,95761,95980,2024-07-10 15:05:00+05:30,SILVERMIC 50_v2_v2,95804,2024-07-10 20:05:00+05:30
89,SELL,2024-07-10 23:00:00+05:30,95541,95550,95451,95505,418,95759.08,95842.37,95865.54,95851.65,29.16,22.71,95950,95508,95451,2024-07-10 23:00:00+05:30,SILVERMIC 50_v2_v2,96020,2024-07-11 09:00:00+05:30
90,BUY,2024-07-11 18:00:00+05:30,95881,96489,95825,96408,2129,95977.11,95971.79,95966.96,95940.28,27.62,75.07,96007,95800,96489,2024-07-11 18:00:00+05:30,SILVERMIC 50_v2_v2,96346,2024-07-12 10:35:00+05:30
91,SELL,2024-07-12 12:00:00+05:30,95865,95865,95670,95731,679,96053.2,96272.1,96359.99,96297.48,55.13,27.98,96414,95822,95670,2024-07-12 12:00:00+05:30,SILVERMIC 50_v2_v2,95810,2024-07-12 21:55:00+05:30
92,SELL,2024-07-15 11:15:00+05:30,95445,95470,95354,95379,175,95589.0,95627.67,95646.21,95737.78,21.15,28.42,95817,95408,95354,2024-07-15 11:15:00+05:30,SILVERMIC 50_v2_v2,95574,2024-07-15 16:35:00+05:30
93,SELL,2024-07-15 17:55:00+05:30,95408,95408,95300,95351,112,95471.36,95434.45,95439.58,95531.77,22.77,37.9,95589,95367,95300,2024-07-15 17:55:00+05:30,SILVERMIC 50_v2_v2,95560,2024-07-15 19:25:00+05:30
94,BUY,2024-07-16 20:35:00+05:30,96302,96440,96231,96353,1252,95775.99,95650.85,95597.42,95566.31,21.71,75.0,96321,95350,96440,2024-07-16 20:35:00+05:30,SILVERMIC 50_v2_v2,95825,2024-07-17 18:15:00+05:30
95,SELL,2024-07-17 20:30:00+05:30,94901,94973,94751,94850,1065,95386.55,95702.81,95805.98,95770.14,39.82,26.46,96125,94851,94751,2024-07-17 20:30:00+05:30,SILVERMIC 50_v2_v2,95260,2024-07-18 15:15:00+05:30
96,SELL,2024-07-18 18:40:00+05:30,94940,94951,94825,94850,329,94998.9,95039.36,95075.15,95182.01,22.73,38.43,95150,94903,94825,2024-07-18 18:40:00+05:30,SILVERMIC 50_v2_v2,88125,2024-07-24 19:05:00+05:30
97,SELL,2024-07-24 22:45:00+05:30,87631,87631,87503,87555,377,87719.82,87787.09,87791.73,87939.19,28.72,29.19,88039,87601,87503,2024-07-24 22:45:00+05:30,SILVERMIC 50_v2_v2,83799,2024-07-26 21:50:00+05:30
98,BUY,2024-07-29 11:30:00+05:30,84355,84595,84346,84590,397,84323.16,84145.54,83966.63,83932.39,32.39,74.09,84431,84201,84595,2024-07-29 11:30:00+05:30,SILVERMIC 50_v2_v2,84150,2024-07-29 19:00:00+05:30
99,SELL,2024-07-29 20:40:00+05:30,83406,83442,83115,83117,1253,83713.6,84002.44,84116.69,84110.57,55.88,17.22,84328,83311,83115,2024-07-29 20:40:00+05:30,SILVERMIC 50_v2_v2,83909,2024-07-30 09:50:00+05:30
100,SELL,2024-07-30 15:20:00+05:30,83748,83748,83604,83653,210,83810.18,83842.64,83837.05,83872.84,31.36,25.75,84009,83720,83604,2024-07-30 15:20:00+05:30,SILVERMIC 50_v2_v2,83870,2024-07-30 16:20:00+05:30
101,BUY,2024-07-30 22:30:00+05:30,84450,84850,84442,84705,1467,84240.92,84104.38,84004.51,83945.97,26.55,75.19,84533,83934,84850,2024-07-30 22:30:00+05:30,SILVERMIC 50_v2_v2,85920,2024-08-01 19:50:00+05:30
102,SELL,2024-08-01 22:25:00+05:30,85218,85218,85050,85119,526,85369.56,85674.18,85898.57,85923.8,34.58,30.21,85698,85170,85050,2024-08-01 22:25:00+05:30,SILVERMIC 50_v2_v2,85935,2024-08-02 09:05:00+05:30
103,BUY,2024-08-02 18:20:00+05:30,86650,86950,86600,86825,1629,86379.09,86287.03,86200.31,86098.92,21.78,69.14,86766,86050,86950,2024-08-02 18:20:00+05:30,SILVERMIC 50_v2_v2,86041,2024-08-02 18:30:00+05:30
104,SELL,2024-08-02 20:10:00+05:30,85063,85192,84676,84732,1946,85850.29,86068.22,86112.5,86074.06,31.69,22.57,86750,84879,84676,2024-08-02 20:10:00+05:30,SILVERMIC 50_v2_v2,85639,2024-08-05 09:30:00+05:30
105,SELL,2024-08-05 10:50:00+05:30,85225,85249,85046,85068,270,85403.37,85325.65,85429.5,85618.66,30.18,34.32,85710,85160,85046,2024-08-05 10:50:00+05:30,SILVERMIC 50_v2_v2,82301,2024-08-06 19:35:00+05:30
106,SELL,2024-08-07 11:15:00+05:30,81900,81909,81810,81821,299,82079.92,82044.92,81970.62,82065.89,23.16,33.6,82327,81871,81810,2024-08-07 11:15:00+05:30,SILVERMIC 50_v2_v2,82060,2024-08-07 11:55:00+05:30
107,SELL,2024-08-07 12:30:00+05:30,81847,81847,81706,81706,190,81942.67,81984.5,81955.6,82044.64,21.37,32.31,82230,81707,81706,2024-08-07 12:30:00+05:30,SILVERMIC 50_v2_v2,81948,2024-08-07 16:00:00+05:30
108,SELL,2024-08-07 18:05:00+05:30,81896,81899,81761,81790,462,81979.08,81916.66,81883.35,81937.42,25.28,38.32,82180,81870,81761,2024-08-07 18:05:00+05:30,SILVERMIC 50_v2_v2,82018,2024-08-07 18:15:00+05:30
109,SELL,2024-08-07 22:35:00+05:30,81712,81774,81600,81603,188,81771.48,81817.75,81841.67,81891.96,20.53,33.68,81934,81626,81600,2024-08-07 22:35:00+05:30,SILVERMIC 50_v2_v2,81784,2024-08-08 16:10:00+05:30
110,BUY,2024-08-08 17:40:00+05:30,82001,82092,81984,82075,260,81856.08,81728.81,81678.05,81710.04,30.98,73.51,82051,81616,82092,2024-08-08 17:40:00+05:30,SILVERMIC 50_v2_v2,82848,2024-08-09 19:05:00+05:30
111,BUY,2024-08-12 11:05:00+05:30,83214,83333,83209,83268,296,83115.17,83079.05,83075.9,82980.04,21.31,67.97,83241,82876,83333,2024-08-12 11:05:00+05:30,SILVERMIC 50_v2_v2,83564,2024-08-12 19:45:00+05:30
112,BUY,2024-08-13 12:50:00+05:30,83826,83884,83817,83868,82,83748.7,83776.38,83816.74,83743.05,21.92,60.99,83840,83560,83884,2024-08-13 12:50:00+05:30,SILVERMIC 50_v2_v2,83705,2024-08-13 14:05:00+05:30
113,BUY,2024-08-14 12:20:00+05:30,83934,84049,83933,84001,471,83846.32,83773.05,83739.76,83728.73,27.56,68.31,84000,83600,84049,2024-08-14 12:20:00+05:30,SILVERMIC 50_v2_v2,83757,2024-08-14 18:50:00+05:30
114,SELL,2024-08-14 21:50:00+05:30,83020,83044,82750,82826,1386,83198.27,83472.34,83665.61,83752.96,48.68,26.77,83479,83000,82750,2024-08-14 21:50:00+05:30,SILVERMIC 50_v2_v2,84420,2024-08-16 09:00:00+05:30
115,BUY,2024-08-16 11:30:00+05:30,84504,84678,84479,84654,1166,84404.53,84071.08,83882.5,83817.62,49.01,69.65,84582,84322,84678,2024-08-16 11:30:00+05:30,SILVERMIC 50_v2_v2,87310,2024-08-20 20:30:00+05:30
116,BUY,2024-08-21 09:00:00+05:30,87154,87490,87150,87486,733,87276.85,87381.53,87473.03,87321.69,27.74,60.81,87335,86933,87490,2024-08-21 09:00:00+05:30,SILVERMIC 50_v2_v2,87324,2024-08-21 10:10:00+05:30
117,SELL,2024-08-22 09:35:00+05:30,87213,87241,87169,87191,284,87326.14,87361.63,87403.95,87417.74,20.76,37.51,87504,87213,87169,2024-08-22 09:35:00+05:30,SILVERMIC 50_v2_v2,87404,2024-08-22 10:55:00+05:30
118,BUY,2024-08-22 16:00:00+05:30,87550,87625,87500,87625,514,87454.96,87377.23,87358.22,87370.69,37.45,73.2,87586,87233,87625,2024-08-22 16:00:00+05:30,SILVERMIC 50_v2_v2,87305,2024-08-22 17:05:00+05:30
119,BUY,2024-08-22 18:05:00+05:30,87594,87750,87564,87667,1438,87460.75,87427.55,87397.59,87390.35,25.42,68.59,87613,87287,87750,2024-08-22 18:05:00+05:30,SILVERMIC 50_v2_v2,87376,2024-08-22 18:50:00+05:30
120,SELL,2024-08-22 19:35:00+05:30,87060,87114,86725,86844,3838,87279.6,87362.85,87374.58,87380.65,31.63,27.15,87750,87010,86725,2024-08-22 19:35:00+05:30,SILVERMIC 50_v2_v2,86860,2024-08-23 13:40:00+05:30
121,BUY,2024-08-23 19:35:00+05:30,87400,87777,87345,87622,7180,86927.77,86931.88,86899.28,86912.91,34.22,76.21,87400,86540,87777,2024-08-23 19:35:00+05:30,SILVERMIC 50_v2_v2,88047,2024-08-26 19:50:00+05:30
122,BUY,2024-08-26 22:15:00+05:30,88154,88220,88117,88215,954,88027.15,88122.51,88186.97,88041.12,29.65,63.7,88160,87829,88220,2024-08-26 22:15:00+05:30,SILVERMIC 50_v2_v2,88026,2024-08-27 09:10:00+05:30
123,BUY,2024-08-27 10:45:00+05:30,88235,88250,88194,88242,265,88128.33,88139.05,88170.03,88076.99,22.39,62.36,88235,88021,88250,2024-08-27 10:45:00+05:30,SILVERMIC 50_v2_v2,88150,2024-08-27 13:05:00+05:30
124,SELL,2024-08-28 10:35:00+05:30,88012,88028,87920,87938,707,88060.59,88128.01,88167.7,88172.82,29.02,33.14,88350,87960,87920,2024-08-28 10:35:00+05:30,SILVERMIC 50_v2_v2,87135,2024-08-29 11:20:00+05:30
125,SELL,2024-08-29 13:55:00+05:30,87090,87090,87008,87020,771,87151.94,87082.79,87022.74,87123.35,25.62,39.27,87360,87053,87008,2024-08-29 13:55:00+05:30,SILVERMIC 50_v2_v2,87129,2024-08-29 15:15:00+05:30
126,SELL,2024-08-29 17:40:00+05:30,86925,86936,86821,86838,1041,87044.52,87074.71,87055.76,87107.48,23.35,24.52,87200,86903,86821,2024-08-29 17:40:00+05:30,SILVERMIC 50_v2_v2,87100,2024-08-29 20:15:00+05:30
127,SELL,2024-08-30 09:10:00+05:30,86605,86629,86576,86606,1009,86936.72,86960.58,86967.86,87015.61,20.18,28.63,87180,86608,86576,2024-08-30 09:10:00+05:30,SILVERMIC 50_v2_v2,86968,2024-08-30 11:20:00+05:30
128,SELL,2024-08-30 16:15:00+05:30,86818,86829,86785,86793,297,86901.11,86922.7,86917.37,86943.66,21.79,33.2,87081,86800,86785,2024-08-30 16:15:00+05:30,SILVERMIC 50_v2_v2,87000,2024-08-30 17:50:00+05:30
129,SELL,2024-08-30 18:15:00+05:30,86765,86800,86673,86733,2200,86870.97,86897.66,86904.52,86933.37,20.56,38.27,87000,86765,86673,2024-08-30 18:15:00+05:30,SILVERMIC 50_v2_v2,83431,2024-09-04 17:40:00+05:30
130,BUY,2024-09-04 20:10:00+05:30,83958,84099,83890,84050,2428,83661.97,83480.04,83371.42,83457.26,32.74,73.29,83985,83300,84099,2024-09-04 20:10:00+05:30,SILVERMIC 50_v2_v2,84974,2024-09-06 18:35:00+05:30
131,SELL,2024-09-06 20:00:00+05:30,84224,84224,83963,84083,6271,84762.42,84974.97,85052.8,84979.68,23.55,28.85,85686,84176,83963,2024-09-06 20:00:00+05:30,SILVERMIC 50_v2_v2,83592,2024-09-09 19:55:00+05:30
132,BUY,2024-09-10 11:15:00+05:30,83679,83770,83667,83760,439,83652.3,83614.78,83546.34,83579.17,25.67,60.62,83749,83525,83770,2024-09-10 11:15:00+05:30,SILVERMIC 50_v2_v2,83780,2024-09-10 19:20:00+05:30
133,BUY,2024-09-11 10:45:00+05:30,84176,84245,84176,84234,553,84099.9,83973.65,83904.95,83843.24,38.03,70.58,84220,84041,84245,2024-09-11 10:45:00+05:30,SILVERMIC 50_v2_v2,84254,2024-09-11 18:10:00+05:30
134,BUY,2024-09-12 09:10:00+05:30,84644,84790,84642,84789,1051,84541.4,84436.44,84424.82,84358.87,21.23,67.63,84722,84376,84790,2024-09-12 09:10:00+05:30,SILVERMIC 50_v2_v2,89099,2024-09-16 20:00:00+05:30
135,BUY,2024-09-17 11:50:00+05:30,89558,89601,89551,89595,677,89393.78,89378.83,89429.49,89340.0,21.56,73.74,89584,89200,89601,2024-09-17 11:50:00+05:30,SILVERMIC 50_v2_v2,89349,2024-09-17 13:25:00+05:30
136,SELL,2024-09-17 15:00:00+05:30,89190,89190,89101,89122,886,89271.57,89341.84,89391.89,89350.53,26.08,33.65,89515,89140,89101,2024-09-17 15:00:00+05:30,SILVERMIC 50_v2_v2,89330,2024-09-17 17:10:00+05:30
137,SELL,2024-09-17 18:05:00+05:30,89184,89221,88959,88985,1861,89192.26,89206.29,89266.88,89287.07,22.24,35.88,89400,89038,88959,2024-09-17 18:05:00+05:30,SILVERMIC 50_v2_v2,89305,2024-09-17 18:15:00+05:30
138,SELL,2024-09-18 09:00:00+05:30,89555,89555,88601,88734,2384,89032.83,89129.56,89201.99,89248.85,33.78,35.41,89184,88780,88601,2024-09-18 09:00:00+05:30,SILVERMIC 50_v2_v2,88966,2024-09-18 16:00:00+05:30
139,SELL,2024-09-18 23:20:00+05:30,88309,88309,88065,88159,3378,88382.44,88485.47,88602.87,88751.4,26.76,27.92,88575,88299,88065,2024-09-18 23:20:00+05:30,SILVERMIC 50_v2_v2,88790,2024-09-19 10:40:00+05:30
140,BUY,2024-09-19 12:30:00+05:30,89720,89947,89610,89914,2940,89448.07,89034.14,88841.39,88818.26,61.97,77.2,89854,88712,89947,2024-09-19 12:30:00+05:30,SILVERMIC 50_v2_v2,89182,2024-09-19 19:10:00+05:30
141,BUY,2024-09-19 21:15:00+05:30,89685,89861,89660,89830,2060,89479.62,89565.11,89589.96,89438.41,20.4,65.62,89717,88819,89861,2024-09-19 21:15:00+05:30,SILVERMIC 50_v2_v2,89876,2024-09-20 18:55:00+05:30
142,SELL,2024-09-23 12:10:00+05:30,89634,89639,89525,89600,1347,89819.7,89918.3,89969.34,89946.27,29.78,33.84,90123,89603,89525,2024-09-23 12:10:00+05:30,SILVERMIC 50_v2_v2,89491,2024-09-23 18:30:00+05:30
143,SELL,2024-09-23 20:30:00+05:30,89340,89352,89078,89150,1929,89427.39,89331.76,89305.61,89427.38,24.74,38.94,89725,89210,89078,2024-09-23 20:30:00+05:30,SILVERMIC 50_v2_v2,89419,2024-09-23 20:55:00+05:30
